"GAME_ID","SEASON_ID","TEAM_ID_HOME","TEAM_ABBREVIATION_HOME","TEAM_NAME_HOME","GAME_DATE","MATCHUP_HOME","WL_HOME","MIN_HOME","FGM_HOME","FGA_HOME","FG_PCT_HOME","FG3M_HOME","FG3A_HOME","FG3_PCT_HOME","FTM_HOME","FTA_HOME","FT_PCT_HOME","OREB_HOME","DREB_HOME","REB_HOME","AST_HOME","STL_HOME","BLK_HOME","TOV_HOME","PF_HOME","PTS_HOME","PLUS_MINUS_HOME","VIDEO_AVAILABLE_HOME","TEAM_ID_AWAY","TEAM_ABBREVIATION_AWAY","TEAM_NAME_AWAY","MATCHUP_AWAY","WL_AWAY","MIN_AWAY","FGM_AWAY","FGA_AWAY","FG_PCT_AWAY","FG3M_AWAY","FG3A_AWAY","FG3_PCT_AWAY","FTM_AWAY","FTA_AWAY","FT_PCT_AWAY","OREB_AWAY","DREB_AWAY","REB_AWAY","AST_AWAY","STL_AWAY","BLK_AWAY","TOV_AWAY","PF_AWAY","PTS_AWAY","PLUS_MINUS_AWAY","VIDEO_AVAILABLE_AWAY","GAME_DATE_EST","GAME_SEQUENCE","GAME_STATUS_ID","GAME_STATUS_TEXT","GAMECODE","HOME_TEAM_ID","VISITOR_TEAM_ID","SEASON","LIVE_PERIOD","LIVE_PC_TIME","NATL_TV_BROADCASTER_ABBREVIATION","LIVE_PERIOD_TIME_BCAST","WH_STATUS","TEAM_CITY_HOME","PTS_PAINT_HOME","PTS_2ND_CHANCE_HOME","PTS_FB_HOME","LARGEST_LEAD_HOME","LEAD_CHANGES_HOME","TIMES_TIED_HOME","TEAM_TURNOVERS_HOME","TOTAL_TURNOVERS_HOME","TEAM_REBOUNDS_HOME","PTS_OFF_TO_HOME","TEAM_CITY_AWAY","PTS_PAINT_AWAY","PTS_2ND_CHANCE_AWAY","PTS_FB_AWAY","LARGEST_LEAD_AWAY","LEAD_CHANGES_AWAY","TIMES_TIED_AWAY","TEAM_TURNOVERS_AWAY","TOTAL_TURNOVERS_AWAY","TEAM_REBOUNDS_AWAY","PTS_OFF_TO_AWAY","LEAGUE_ID","GAME_DATE_DAY","ATTENDANCE","GAME_TIME","TEAM_CITY_NAME_HOME","TEAM_NICKNAME_HOME","TEAM_WINS_LOSSES_HOME","PTS_QTR1_HOME","PTS_QTR2_HOME","PTS_QTR3_HOME","PTS_QTR4_HOME","PTS_OT1_HOME","PTS_OT2_HOME","PTS_OT3_HOME","PTS_OT4_HOME","PTS_OT5_HOME","PTS_OT6_HOME","PTS_OT7_HOME","PTS_OT8_HOME","PTS_OT9_HOME","PTS_OT10_HOME","PTS_HOME_y","TEAM_CITY_NAME_AWAY","TEAM_NICKNAME_AWAY","TEAM_WINS_LOSSES_AWAY","PTS_QTR1_AWAY","PTS_QTR2_AWAY","PTS_QTR3_AWAY","PTS_QTR4_AWAY","PTS_OT1_AWAY","PTS_OT2_AWAY","PTS_OT3_AWAY","PTS_OT4_AWAY","PTS_OT5_AWAY","PTS_OT6_AWAY","PTS_OT7_AWAY","PTS_OT8_AWAY","PTS_OT9_AWAY","PTS_OT10_AWAY","LAST_GAME_ID","LAST_GAME_DATE_EST","LAST_GAME_HOME_TEAM_ID","LAST_GAME_HOME_TEAM_CITY","LAST_GAME_HOME_TEAM_NAME","LAST_GAME_HOME_TEAM_ABBREVIATION","LAST_GAME_HOME_TEAM_POINTS","LAST_GAME_VISITOR_TEAM_ID","LAST_GAME_VISITOR_TEAM_CITY","LAST_GAME_VISITOR_TEAM_NAME","LAST_GAME_VISITOR_TEAM_CITY1","LAST_GAME_VISITOR_TEAM_POINTS","HOME_TEAM_WINS","HOME_TEAM_LOSSES","SERIES_LEADER","VIDEO_AVAILABLE_FLAG","PT_AVAILABLE","PT_XYZ_AVAILABLE","HUSTLE_STATUS","HISTORICAL_STATUS"
"0024600001","21946","1610610035","HUS","Toronto Huskies","1946-11-01","HUS vs. NYK","L","0","25.0","","","","","","16.0","29.0","0.552","","","","","","","","","66","-2","0","1610612752","NYK","New York Knicks","NYK @ HUS","W","0","24.0","","","","","","20.0","26.0","0.769","","","","","","","","","68","2","0","1946-11-01T00:00:00","","3","","19461101/NYKHUS","1610610035","1610612752","1946","5.0","","","Q5  - ","1.0","","","","","","","","","","","","","","","","","","","","","","","","FRIDAY, NOVEMBER 1, 1946","","","Toronto","Huskies","-","","","","","18","","","","","","","","","","66.0","New York","Knicks","-","","","","","24","","","","","","","","","","","","","","","","","","","","","","3.0","3.0","Tied","0.0","0.0","0.0","0.0","1.0"
"0024600003","21946","1610610034","BOM","St. Louis Bombers","1946-11-02","BOM vs. PIT","W","0","20.0","59.0","0.339","","","","16.0","","","","","","","","","","21.0","56","5","0","1610610031","PIT","Pittsburgh Ironmen","PIT @ BOM","L","0","16.0","72.0","0.222","","","","19.0","","","","","","","","","","25.0","51","-5","0","1946-11-02T00:00:00","","3","","19461102/PITBOM","1610610034","1610610031","1946","4.0","","","Q4  - ","1.0","","","","","","","","","","","","","","","","","","","","","","","","SATURDAY, NOVEMBER 2, 1946","","","St. Louis","Bombers","-","16","16","18","6","","","","","","","","","","","56.0","Pittsburgh","Ironmen","-","5","15","17","14","","","","","","","","","","","","","","","","","","","","","","","5.0","1.0","St. Louis","0.0","0.0","0.0","0.0","1.0"
"0024600004","21946","1610610025","CHS","Chicago Stags","1946-11-02","CHS vs. NYK","W","0","21.0","","","","","","21.0","","","","","","","","","","20.0","63","16","0","1610612752","NYK","New York Knicks","NYK @ CHS","L","0","16.0","","","","","","15.0","","","","","","","","","","22.0","47","-16","0","1946-11-02T00:00:00","","3","","19461102/NYKCHS","1610610025","1610612752","1946","4.0","","","Q4  - ","1.0","","","","","","","","","","","","","","","","","","","","","","","","SATURDAY, NOVEMBER 2, 1946","","","Chicago","Stags","-","","","","","","","","","","","","","","","63.0","New York","Knicks","-","","","","","","","","","","","","","","","","","","","","","","","","","","","3.0","3.0","Tied","0.0","0.0","0.0","0.0","1.0"
"0024600002","21946","1610610032","PRO","Providence Steamrollers","1946-11-02","PRO vs. BOS","W","0","21.0","","","","","","17.0","","","","","","","","","","","59","6","0","1610612738","BOS","Boston Celtics","BOS @ PRO","L","0","21.0","","","","","","11.0","","","","","","","","","","","53","-6","0","1946-11-02T00:00:00","","3","","19461102/BOSPRO","1610610032","1610612738","1946","4.0","","","Q4  - ","1.0","","","","","","","","","","","","","","","","","","","","","","","","SATURDAY, NOVEMBER 2, 1946","","","Providence","Steamrollers","-","","12","18","15","","","","","","","","","","","59.0","Boston","Celtics","-","10.0","16","14","13","","","","","","","","","","","","","","","","","","","","","","","5.0","1.0","Providence","0.0","0.0","0.0","0.0","1.0"
"0024600005","21946","1610610028","DEF","Detroit Falcons","1946-11-02","DEF vs. WAS","L","0","10.0","","","","","","13.0","","","","","","","","","","","33","-17","0","1610610036","WAS","Washington Capitols","WAS @ DEF","W","0","18.0","","","","","","14.0","","","","","","","","","","","50","17","0","1946-11-02T00:00:00","","3","","19461102/WASDEF","1610610028","1610610036","1946","4.0","","","Q4  - ","1.0","","","","","","","","","","","","","","","","","","","","","","","","SATURDAY, NOVEMBER 2, 1946","","","Detroit","Falcons","-","9","10","10","4","","","","","","","","","","","33.0","Washington","Capitols","-","21","4","12","13","","","","","","","","","","","","","","","","","","","","","","","1.0","5.0","Washington","0.0","0.0","0.0","0.0","1.0"
"0024600006","21946","1610610026","CLR","Cleveland Rebels","1946-11-03","CLR vs. HUS","W","0","24.0","","","","","","23.0","","","","","","","","","","","71","11","0","1610610035","HUS","Toronto Huskies","HUS @ CLR","L","0","21.0","","","","","","18.0","","","","","","","","","","","60","-11","0","1946-11-03T00:00:00","","3","","19461103/HUSCLR","1610610026","1610610035","1946","4.0","","","Q4  - ","1.0","","","","","","","","","","","","","","","","","","","","","","","","SUNDAY, NOVEMBER 3, 1946","","","Cleveland","Rebels","-","","","","","","","","","","","","","","","71.0","Toronto","Huskies","-","","","","","","","","","","","","","","","","","","","","","","","","","","","6.0","0.0","Cleveland","0.0","0.0","0.0","0.0","1.0"
"0024600007","21946","1610610031","PIT","Pittsburgh Ironmen","1946-11-04","PIT vs. WAS","L","0","19.0","","","","","","18.0","","","","","","","","","","","56","-15","0","1610610036","WAS","Washington Capitols","WAS @ PIT","W","0","22.0","","","","","","27.0","","","","","","","","","","","71","15","0","1946-11-04T00:00:00","","3","","19461104/WASPIT","1610610031","1610610036","1946","4.0","","","Q4  - ","1.0","","","","","","","","","","","","","","","","","","","","","","","","MONDAY, NOVEMBER 4, 1946","","","Pittsburgh","Ironmen","-","","","","","","","","","","","","","","","56.0","Washington","Capitols","-","","","","","","","","","","","","","","","","","","","","","","","","","","","1.0","5.0","Washington","0.0","0.0","0.0","0.0","1.0"
"0024600008","21946","1610612738","BOS","Boston Celtics","1946-11-05","BOS vs. CHS","L","0","23.0","","","","","","9.0","","","","","","","","","","","55","-2","0","1610610025","CHS","Chicago Stags","CHS @ BOS","W","0","24.0","","","","","","9.0","","","","","","","","","","","57","2","0","1946-11-05T00:00:00","","3","","19461105/CHSBOS","1610612738","1610610025","1946","4.0","","","Q4  - ","1.0","","","","","","","","","","","","","","","","","","","","","","","","TUESDAY, NOVEMBER 5, 1946","","","Boston","Celtics","-","13","20","13","9","","","","","","","","","","","55.0","Chicago","Stags","-","15","12","19","11","","","","","","","","","","","","","","","","","","","","","","","0.0","6.0","Chicago","0.0","0.0","0.0","0.0","1.0"
"0024600009","21946","1610610028","DEF","Detroit Falcons","1946-11-05","DEF vs. BOM","L","0","18.0","","","","","","13.0","","","","","","","","","","","49","-4","0","1610610034","BOM","St. Louis Bombers","BOM @ DEF","W","0","20.0","","","","","","13.0","","","","","","","","","","","53","4","0","1946-11-05T00:00:00","","3","","19461105/BOMDEF","1610610028","1610610034","1946","4.0","","","Q4  - ","1.0","","","","","","","","","","","","","","","","","","","","","","","","TUESDAY, NOVEMBER 5, 1946","","","Detroit","Falcons","-","","","","","","","","","","","","","","","49.0","St. Louis","Bombers","-","","","","","","","","","","","","","","","","","","","","","","","","","","","0.0","6.0","St. Louis","0.0","0.0","0.0","0.0","1.0"
"0024600010","21946","1610612744","PHW","Philadelphia Warriors","1946-11-07","PHW vs. PIT","W","0","28.0","","","","","","25.0","39.0","0.641","","","","","","","","24.0","81","6","0","1610610031","PIT","Pittsburgh Ironmen","PIT @ PHW","L","0","29.0","","","","","","17.0","28.0","0.607","","","","","","","","35.0","75","-6","0","1946-11-07T00:00:00","","3","","19461107/PITPHW","1610612744","1610610031","1946","4.0","","","Q4  - ","1.0","","","","","","","","","","","","","","","","","","","","","","","","THURSDAY, NOVEMBER 7, 1946","","","Philadelphia","Warriors","-","","","","","","","","","","","","","","","81.0","Pittsburgh","Ironmen","-","","","","","","","","","","","","","","","","","","","","","","","","","","","5.0","1.0","Philadelphia","0.0","0.0","0.0","0.0","1.0"
"0024600012","21946","1610610034","BOM","St. Louis Bombers","1946-11-07","BOM vs. NYK","L","0","25.0","104.0","0.24","","","","13.0","20.0","0.65","","","","","","","","21.0","63","-5","0","1610612752","NYK","New York Knicks","NYK @ BOM","W","0","26.0","89.0","0.292","","","","16.0","23.0","0.696","","","","","","","","16.0","68","5","0","1946-11-07T00:00:00","","3","","19461107/NYKBOM","1610610034","1610612752","1946","4.0","","","Q4  - ","1.0","","","","","","","","","","","","","","","","","","","","","","","","THURSDAY, NOVEMBER 7, 1946","","","St. Louis","Bombers","-","17","23","14","9","","","","","","","","","","","63.0","New York","Knicks","-","21","14","19","14","","","","","","","","","","","","","","","","","","","","","","","2.0","4.0","New York","0.0","0.0","0.0","0.0","1.0"
"0024600011","21946","1610610032","PRO","Providence Steamrollers","1946-11-07","PRO vs. CHS","W","0","31.0","","","","","","11.0","","","","","","","","","","20.0","73","8","0","1610610025","CHS","Chicago Stags","CHS @ PRO","L","0","27.0","","","","","","11.0","","","","","","","","","","14.0","65","-8","0","1946-11-07T00:00:00","","3","","19461107/CHSPRO","1610610032","1610610025","1946","4.0","","","Q4  - ","1.0","","","","","","","","","","","","","","","","","","","","","","","","THURSDAY, NOVEMBER 7, 1946","","","Providence","Steamrollers","-","","","","","","","","","","","","","","","73.0","Chicago","Stags","-","","","","","","","","","","","","","","","","","","","","","","","","","","","3.0","3.0","Tied","0.0","0.0","0.0","0.0","1.0"
"0024600013","21946","1610610035","HUS","Toronto Huskies","1946-11-08","HUS vs. DEF","W","0","31.0","","","","","","11.0","26.0","0.423","","","","","","","","21.0","73","2","0","1610610028","DEF","Detroit Falcons","DEF @ HUS","L","0","28.0","","","","","","15.0","23.0","0.652","","","","","","","","15.0","71","-2","0","1946-11-08T00:00:00","","3","","19461108/DEFHUS","1610610035","1610610028","1946","4.0","","","Q4  - ","1.0","","","","","","","","","","","","","","","","","","","","","","","","FRIDAY, NOVEMBER 8, 1946","","","Toronto","Huskies","-","12","27","22","12","","","","","","","","","","","73.0","Detroit","Falcons","-","15","23","16","17","","","","","","","","","","","","","","","","","","","","","","","3.0","3.0","Tied","0.0","0.0","0.0","0.0","1.0"
"0024600015","21946","1610610032","PRO","Providence Steamrollers","1946-11-09","PRO vs. PIT","W","0","22.0","","","","","","32.0","","","","","","","","","","","76","10","0","1610610031","PIT","Pittsburgh Ironmen","PIT @ PRO","L","0","25.0","","","","","","16.0","","","","","","","","","","","66","-10","0","1946-11-09T00:00:00","","3","","19461109/PITPRO","1610610032","1610610031","1946","4.0","","","Q4  - ","1.0","","","","","","","","","","","","","","","","","","","","","","","","SATURDAY, NOVEMBER 9, 1946","","","Providence","Steamrollers","-","","","","","","","","","","","","","","","76.0","Pittsburgh","Ironmen","-","","","","","","","","","","","","","","","","","","","","","","","","","","","3.0","3.0","Tied","0.0","0.0","0.0","0.0","1.0"
"0024600016","21946","1610610025","CHS","Chicago Stags","1946-11-09","CHS vs. HUS","W","0","22.0","","","","","","18.0","","","","","","","","","","22.0","64","10","0","1610610035","HUS","Toronto Huskies","HUS @ CHS","L","0","17.0","","","","","","16.0","","","","","","","","","","23.0","54","-10","0","1946-11-09T00:00:00","","3","","19461109/HUSCHS","1610610025","1610610035","1946","4.0","","","Q4  - ","1.0","","","","","","","","","","","","","","","","","","","","","","","","SATURDAY, NOVEMBER 9, 1946","","","Chicago","Stags","-","14","13","14","21","","","","","","","","","","","64.0","Toronto","Huskies","-","14","16","14","10","","","","","","","","","","","","","","","","","","","","","","","4.0","2.0","Chicago","0.0","0.0","0.0","0.0","1.0"
"0024600017","21946","1610610028","DEF","Detroit Falcons","1946-11-09","DEF vs. BOS","W","0","26.0","","","","","","17.0","","","","","","","","","","","69","23","0","1610612738","BOS","Boston Celtics","BOS @ DEF","L","0","15.0","","","","","","16.0","","","","","","","","","","","46","-23","0","1946-11-09T00:00:00","","3","","19461109/BOSDEF","1610610028","1610612738","1946","4.0","","","Q4  - ","1.0","","","","","","","","","","","","","","","","","","","","","","","","SATURDAY, NOVEMBER 9, 1946","","","Detroit","Falcons","-","","","","","","","","","","","","","","","69.0","Boston","Celtics","-","","","","","","","","","","","","","","","","","","","","","","","","","","","3.0","3.0","Tied","0.0","0.0","0.0","0.0","1.0"
"0024600014","21946","1610610034","BOM","St. Louis Bombers","1946-11-09","BOM vs. WAS","W","0","28.0","","","","","","14.0","","","","","","","","","","36.0","70","1","0","1610610036","WAS","Washington Capitols","WAS @ BOM","L","0","19.0","","","","","","31.0","","","","","","","","","","26.0","69","-1","0","1946-11-09T00:00:00","","3","","19461109/WASBOM","1610610034","1610610036","1946","4.0","","","Q4  - ","1.0","","","","","","","","","","","","","","","","","","","","","","","","SATURDAY, NOVEMBER 9, 1946","2206","","St. Louis","Bombers","-","","","","","","","","","","","","","","","70.0","Washington","Capitols","-","","","","","","","","","","","","","","","","","","","","","","","","","","","2.0","4.0","Washington","0.0","0.0","0.0","0.0","1.0"
"0024600018","21946","1610610026","CLR","Cleveland Rebels","1946-11-10","CLR vs. WAS","W","0","42.0","","","","","","8.0","","","","","","","","","","","92","24","0","1610610036","WAS","Washington Capitols","WAS @ CLR","L","0","24.0","","","","","","20.0","","","","","","","","","","","68","-24","0","1946-11-10T00:00:00","","3","","19461110/WASCLR","1610610026","1610610036","1946","4.0","","","Q4  - ","1.0","","","","","","","","","","","","","","","","","","","","","","","","SUNDAY, NOVEMBER 10, 1946","","","Cleveland","Rebels","-","","","","","","","","","","","","","","","92.0","Washington","Capitols","-","","","","","","","","","","","","","","","","","","","","","","","","","","","1.0","5.0","Washington","0.0","0.0","0.0","0.0","1.0"
"0024600020","21946","1610612752","NYK","New York Knicks","1946-11-11","NYK vs. CHS","L","0","26.0","","","","","","16.0","","","","","","","","","","25.0","68","-10","0","1610610025","CHS","Chicago Stags","CHS @ NYK","W","0","30.0","","","","","","18.0","","","","","","","","","","21.0","78","10","0","1946-11-11T00:00:00","","3","","19461111/CHSNYK","1610612752","1610610025","1946","4.0","","","Q4  - ","1.0","","","","","","","","","","","","","","","","","","","","","","","","MONDAY, NOVEMBER 11, 1946","","","New York","Knicks","-","","","","","","","","","","","","","","","68.0","Chicago","Stags","-","","","","","","","","","","","","","","","0024600004","1946-11-02T00:00:00","1610612752","New York","Knicks","NYK","47","1610610025","Chicago","Stags","CHS","63","3.0","3.0","Tied","0.0","0.0","0.0","0.0","1.0"
"0024600019","21946","1610610031","PIT","Pittsburgh Ironmen","1946-11-11","PIT vs. PRO","W","0","29.0","","","","","","26.0","35.0","0.743","","","","","","","","32.0","84","13","0","1610610032","PRO","Providence Steamrollers","PRO @ PIT","L","0","21.0","","","","","","29.0","42.0","0.69","","","","","","","","28.0","71","-13","0","1946-11-11T00:00:00","","3","","19461111/PROPIT","1610610031","1610610032","1946","4.0","","","Q4  - ","1.0","","","","","","","","","","","","","","","","","","","","","","","","MONDAY, NOVEMBER 11, 1946","","","Pittsburgh","Ironmen","-","30","24","17","13","","","","","","","","","","","84.0","Providence","Steamrollers","-","27","15","16","13","","","","","","","","","","","0024600015","1946-11-09T00:00:00","1610610031","Pittsburgh","Ironmen","PIT","66","1610610032","Providence","Steamrollers","PRO","76","3.0","3.0","Tied","0.0","0.0","0.0","0.0","1.0"
"0024600022","21946","1610610025","CHS","Chicago Stags","1946-11-13","CHS vs. BOS","W","0","29.0","","","","","","13.0","","","","","","","","","","21.0","71","10","0","1610612738","BOS","Boston Celtics","BOS @ CHS","L","0","22.0","","","","","","17.0","","","","","","","","","","15.0","61","-10","0","1946-11-13T00:00:00","","3","","19461113/BOSCHS","1610610025","1610612738","1946","4.0","","","Q4  - ","1.0","","","","","","","","","","","","","","","","","","","","","","","","WEDNESDAY, NOVEMBER 13, 1946","","","Chicago","Stags","-","","","","","","","","","","","","","","","71.0","Boston","Celtics","-","","","","","","","","","","","","","","","0024600008","1946-11-05T00:00:00","1610610025","Chicago","Stags","CHS","57","1610612738","Boston","Celtics","BOS","55","6.0","0.0","Chicago","0.0","0.0","0.0","0.0","1.0"
"0024600021","21946","1610610028","DEF","Detroit Falcons","1946-11-13","DEF vs. PRO","L","0","24.0","","","","","","20.0","","","","","","","","","","","68","-2","0","1610610032","PRO","Providence Steamrollers","PRO @ DEF","W","0","27.0","","","","","","16.0","","","","","","","","","","","70","2","0","1946-11-13T00:00:00","","3","","19461113/PRODEF","1610610028","1610610032","1946","4.0","","","Q4  - ","1.0","","","","","","","","","","","","","","","","","","","","","","","","WEDNESDAY, NOVEMBER 13, 1946","","","Detroit","Falcons","-","16","20","16","16","","","","","","","","","","","68.0","Providence","Steamrollers","-","16","23","22","9","","","","","","","","","","","","","","","","","","","","","","","2.0","4.0","Providence","0.0","0.0","0.0","0.0","1.0"
"0024600023","21946","1610612744","PHW","Philadelphia Warriors","1946-11-14","PHW vs. WAS","W","0","26.0","","","","","","16.0","","","","","","","","","","21.0","68","3","0","1610610036","WAS","Washington Capitols","WAS @ PHW","L","0","25.0","","","","","","15.0","","","","","","","","","","19.0","65","-3","0","1946-11-14T00:00:00","","3","","19461114/WASPHW","1610612744","1610610036","1946","4.0","","","Q4  - ","1.0","","","","","","","","","","","","","","","","","","","","","","","","THURSDAY, NOVEMBER 14, 1946","","","Philadelphia","Warriors","-","","","","","","","","","","","","","","","68.0","Washington","Capitols","-","","","","","","","","","","","","","","","","","","","","","","","","","","","1.0","5.0","Washington","0.0","0.0","0.0","0.0","1.0"
"0024600024","21946","1610610034","BOM","St. Louis Bombers","1946-11-14","BOM vs. BOS","W","0","29.0","","","","","","6.0","","","","","","","","","","","64","2","0","1610612738","BOS","Boston Celtics","BOS @ BOM","L","0","24.0","","","","","","14.0","","","","","","","","","","","62","-2","0","1946-11-14T00:00:00","","3","","19461114/BOSBOM","1610610034","1610612738","1946","5.0","","","Q5  - ","1.0","","","","","","","","","","","","","","","","","","","","","","","","THURSDAY, NOVEMBER 14, 1946","","","St. Louis","Bombers","-","14","12","14","17","7","","","","","","","","","","64.0","Boston","Celtics","-","13","23","9","12","5","","","","","","","","","","","","","","","","","","","","","","5.0","1.0","St. Louis","0.0","0.0","0.0","0.0","1.0"
"0024600025","21946","1610610035","HUS","Toronto Huskies","1946-11-15","HUS vs. PRO","W","0","32.0","","","","","","21.0","28.0","0.75","","","","","","","","22.0","85","17","0","1610610032","PRO","Providence Steamrollers","PRO @ HUS","L","0","21.0","","","","","","26.0","34.0","0.765","","","","","","","","22.0","68","-17","0","1946-11-15T00:00:00","","3","","19461115/PROHUS","1610610035","1610610032","1946","4.0","","","Q4  - ","1.0","","","","","","","","","","","","","","","","","","","","","","","","FRIDAY, NOVEMBER 15, 1946","","","Toronto","Huskies","-","14","27","22","22","","","","","","","","","","","85.0","Providence","Steamrollers","-","12","22","17","17","","","","","","","","","","","","","","","","","","","","","","","3.0","3.0","Tied","0.0","0.0","0.0","0.0","1.0"
"0024600030","21946","1610612738","BOS","Boston Celtics","1946-11-16","BOS vs. HUS","W","0","18.0","","","","","","17.0","","","","","","","","","","","53","4","0","1610610035","HUS","Toronto Huskies","HUS @ BOS","L","0","16.0","","","","","","17.0","","","","","","","","","","","49","-4","0","1946-11-16T00:00:00","","3","","19461116/HUSBOS","1610612738","1610610035","1946","4.0","","","Q4  - ","1.0","","","","","","","","","","","","","","","","","","","","","","","","SATURDAY, NOVEMBER 16, 1946","","","Boston","Celtics","-","19","9","8","17","","","","","","","","","","","53.0","Toronto","Huskies","-","18","3","17","11","","","","","","","","","","","","","","","","","","","","","","","4.0","2.0","Boston","0.0","0.0","0.0","0.0","1.0"
"0024600028","21946","1610612752","NYK","New York Knicks","1946-11-16","NYK vs. PIT","W","0","23.0","","","","","","18.0","","","","","","","","","","","64","2","0","1610610031","PIT","Pittsburgh Ironmen","PIT @ NYK","L","0","20.0","","","","","","22.0","","","","","","","","","","","62","-2","0","1946-11-16T00:00:00","","3","","19461116/PITNYK","1610612752","1610610031","1946","4.0","","","Q4  - ","1.0","","","","","","","","","","","","","","","","","","","","","","","","SATURDAY, NOVEMBER 16, 1946","","","New York","Knicks","-","28","15","16","5","","","","","","","","","","","64.0","Pittsburgh","Ironmen","-","33","10","16","3","","","","","","","","","","","","","","","","","","","","","","","6.0","0.0","New York","0.0","0.0","0.0","0.0","1.0"
"0024600029","21946","1610610032","PRO","Providence Steamrollers","1946-11-16","PRO vs. DEF","L","0","21.0","","","","","","17.0","","","","","","","","","","","59","-11","0","1610610028","DEF","Detroit Falcons","DEF @ PRO","W","0","28.0","","","","","","14.0","","","","","","","","","","","70","11","0","1946-11-16T00:00:00","","3","","19461116/DEFPRO","1610610032","1610610028","1946","4.0","","","Q4  - ","1.0","","","","","","","","","","","","","","","","","","","","","","","","SATURDAY, NOVEMBER 16, 1946","","","Providence","Steamrollers","-","19","12","14","14","","","","","","","","","","","59.0","Detroit","Falcons","-","13","25","13","19","","","","","","","","","","","0024600021","1946-11-13T00:00:00","1610610032","Providence","Steamrollers","PRO","70","1610610028","Detroit","Falcons","DEF","68","4.0","2.0","Providence","0.0","0.0","0.0","0.0","1.0"
"0024600027","21946","1610610025","CHS","Chicago Stags","1946-11-16","CHS vs. WAS","L","0","21.0","","","","","","23.0","","","","","","","","","","24.0","65","-8","0","1610610036","WAS","Washington Capitols","WAS @ CHS","W","0","27.0","","","","","","19.0","","","","","","","","","","31.0","73","8","0","1946-11-16T00:00:00","","3","","19461116/WASCHS","1610610025","1610610036","1946","4.0","","","Q4  - ","1.0","","","","","","","","","","","","","","","","","","","","","","","","SATURDAY, NOVEMBER 16, 1946","","","Chicago","Stags","-","","","","","","","","","","","","","","","65.0","Washington","Capitols","-","","","","","","","","","","","","","","","","","","","","","","","","","","","1.0","5.0","Washington","0.0","0.0","0.0","0.0","1.0"
"0024600026","21946","1610610034","BOM","St. Louis Bombers","1946-11-16","BOM vs. CLR","W","0","35.0","120.0","0.292","","","","13.0","22.0","0.591","","","","","","","","20.0","83","9","0","1610610026","CLR","Cleveland Rebels","CLR @ BOM","L","0","29.0","117.0","0.248","","","","16.0","24.0","0.667","","","","","","","","23.0","74","-9","0","1946-11-16T00:00:00","","3","","19461116/CLRBOM","1610610034","1610610026","1946","5.0","","","Q5  - ","1.0","","","","","","","","","","","","","","","","","","","","","","","","SATURDAY, NOVEMBER 16, 1946","","","St. Louis","Bombers","-","14","15","19","22","13","","","","","","","","","","83.0","Cleveland","Rebels","-","15","19","14","22","4","","","","","","","","","","","","","","","","","","","","","","5.0","1.0","St. Louis","0.0","0.0","0.0","0.0","1.0"
"0024600031","21946","1610610026","CLR","Cleveland Rebels","1946-11-17","CLR vs. CHS","L","0","32.0","","","","","","12.0","","","","","","","","","","21.0","76","-2","0","1610610025","CHS","Chicago Stags","CHS @ CLR","W","0","30.0","","","","","","18.0","","","","","","","","","","17.0","78","2","0","1946-11-17T00:00:00","","3","","19461117/CHSCLR","1610610026","1610610025","1946","4.0","","","Q4  - ","1.0","","","","","","","","","","","","","","","","","","","","","","","","SUNDAY, NOVEMBER 17, 1946","","","Cleveland","Rebels","-","","","","","","","","","","","","","","","76.0","Chicago","Stags","-","","","","","","","","","","","","","","","","","","","","","","","","","","","1.0","5.0","Chicago","0.0","0.0","0.0","0.0","1.0"
"0024600032","21946","1610612752","NYK","New York Knicks","1946-11-18","NYK vs. DEF","W","0","25.0","","","","","","11.0","","","","","","","","","","","61","4","0","1610610028","DEF","Detroit Falcons","DEF @ NYK","L","0","22.0","","","","","","13.0","","","","","","","","","","","57","-4","0","1946-11-18T00:00:00","","3","","19461118/DEFNYK","1610612752","1610610028","1946","4.0","","","Q4  - ","1.0","","","","","","","","","","","","","","","","","","","","","","","","MONDAY, NOVEMBER 18, 1946","","","New York","Knicks","-","","","","","","","","","","","","","","","61.0","Detroit","Falcons","-","","","","","","","","","","","","","","","","","","","","","","","","","","","5.0","1.0","New York","0.0","0.0","0.0","0.0","1.0"
"0024600033","21946","1610610031","PIT","Pittsburgh Ironmen","1946-11-18","PIT vs. HUS","W","0","23.0","","","","","","8.0","","","","","","","","","","","54","6","0","1610610035","HUS","Toronto Huskies","HUS @ PIT","L","0","17.0","","","","","","14.0","","","","","","","","","","","48","-6","0","1946-11-18T00:00:00","","3","","19461118/HUSPIT","1610610031","1610610035","1946","4.0","","","Q4  - ","1.0","","","","","","","","","","","","","","","","","","","","","","","","MONDAY, NOVEMBER 18, 1946","","","Pittsburgh","Ironmen","-","","","","","","","","","","","","","","","54.0","Toronto","Huskies","-","","","","","","","","","","","","","","","","","","","","","","","","","","","3.0","3.0","Tied","0.0","0.0","0.0","0.0","1.0"
"0024600035","21946","1610612744","PHW","Philadelphia Warriors","1946-11-19","PHW vs. BOM","L","0","25.0","","","","","","13.0","","","","","","","","","","17.0","63","-3","0","1610610034","BOM","St. Louis Bombers","BOM @ PHW","W","0","27.0","","","","","","12.0","","","","","","","","","","19.0","66","3","0","1946-11-19T00:00:00","","3","","19461119/BOMPHW","1610612744","1610610034","1946","4.0","","","Q4  - ","1.0","","","","","","","","","","","","","","","","","","","","","","","","TUESDAY, NOVEMBER 19, 1946","","","Philadelphia","Warriors","-","","","","","","","","","","","","","","","63.0","St. Louis","Bombers","-","","","","","","","","","","","","","","","","","","","","","","","","","","","3.0","3.0","Tied","0.0","0.0","0.0","0.0","1.0"
"0024600034","21946","1610610035","HUS","Toronto Huskies","1946-11-19","HUS vs. CLR","L","0","29.0","","","","","","14.0","21.0","0.667","","","","","","","","18.0","72","-2","0","1610610026","CLR","Cleveland Rebels","CLR @ HUS","W","0","31.0","","","","","","12.0","22.0","0.545","","","","","","","","18.0","74","2","0","1946-11-19T00:00:00","","3","","19461119/CLRHUS","1610610035","1610610026","1946","4.0","","","Q4  - ","1.0","","","","","","","","","","","","","","","","","","","","","","","","TUESDAY, NOVEMBER 19, 1946","","","Toronto","Huskies","-","18","24","17","13","","","","","","","","","","","72.0","Cleveland","Rebels","-","16","18","21","19","","","","","","","","","","","0024600006","1946-11-03T00:00:00","1610610035","Toronto","Huskies","HUS","60","1610610026","Cleveland","Rebels","CLR","71","0.0","6.0","Cleveland","0.0","0.0","0.0","0.0","1.0"
"0024600036","21946","1610612752","NYK","New York Knicks","1946-11-20","NYK vs. CHS","W","0","26.0","","","","","","20.0","","","","","","","","","","18.0","72","3","0","1610610025","CHS","Chicago Stags","CHS @ NYK","L","0","27.0","","","","","","15.0","","","","","","","","","","26.0","69","-3","0","1946-11-20T00:00:00","","3","","19461120/CHSNYK","1610612752","1610610025","1946","4.0","","","Q4  - ","1.0","","","","","","","","","","","","","","","","","","","","","","","","WEDNESDAY, NOVEMBER 20, 1946","","","New York","Knicks","-","","","","","","","","","","","","","","","72.0","Chicago","Stags","-","","","","","","","","","","","","","","","0024600020","1946-11-11T00:00:00","1610612752","New York","Knicks","NYK","68","1610610025","Chicago","Stags","CHS","78","3.0","3.0","Tied","0.0","0.0","0.0","0.0","1.0"
"0024600038","21946","1610610036","WAS","Washington Capitols","1946-11-20","WAS vs. BOM","W","0","23.0","","","","","","8.0","","","","","","","","","","","54","3","0","1610610034","BOM","St. Louis Bombers","BOM @ WAS","L","0","22.0","","","","","","7.0","","","","","","","","","","","51","-3","0","1946-11-20T00:00:00","","3","","19461120/BOMWAS","1610610036","1610610034","1946","4.0","","","Q4  - ","1.0","","","","","","","","","","","","","","","","","","","","","","","","WEDNESDAY, NOVEMBER 20, 1946","","","Washington","Capitols","-","","","","","","","","","","","","","","","54.0","St. Louis","Bombers","-","","","","","","","","","","","","","","","0024600014","1946-11-09T00:00:00","1610610036","Washington","Capitols","WAS","69","1610610034","St. Louis","Bombers","BOM","70","4.0","2.0","Washington","0.0","0.0","0.0","0.0","1.0"
"0024600037","21946","1610610028","DEF","Detroit Falcons","1946-11-20","DEF vs. PIT","L","0","22.0","","","","","","9.0","","","","","","","","","","","53","-1","0","1610610031","PIT","Pittsburgh Ironmen","PIT @ DEF","W","0","22.0","","","","","","10.0","","","","","","","","","","","54","1","0","1946-11-20T00:00:00","","3","","19461120/PITDEF","1610610028","1610610031","1946","4.0","","","Q4  - ","1.0","","","","","","","","","","","","","","","","","","","","","","","","WEDNESDAY, NOVEMBER 20, 1946","","","Detroit","Falcons","-","","","","","","","","","","","","","","","53.0","Pittsburgh","Ironmen","-","","","","","","","","","","","","","","","","","","","","","","","","","","","3.0","3.0","Tied","0.0","0.0","0.0","0.0","1.0"
"0024600041","21946","1610612738","BOS","Boston Celtics","1946-11-21","BOS vs. BOM","L","0","22.0","","","","","","9.0","","","","","","","","","","11.0","53","-12","0","1610610034","BOM","St. Louis Bombers","BOM @ BOS","W","0","27.0","","","","","","11.0","","","","","","","","","","10.0","65","12","0","1946-11-21T00:00:00","","3","","19461121/BOMBOS","1610612738","1610610034","1946","4.0","","","Q4  - ","1.0","","","","","","","","","","","","","","","","","","","","","","","","THURSDAY, NOVEMBER 21, 1946","","","Boston","Celtics","-","","","","","","","","","","","","","","","53.0","St. Louis","Bombers","-","","","","","","","","","","","","","","","0024600024","1946-11-14T00:00:00","1610612738","Boston","Celtics","BOS","62","1610610034","St. Louis","Bombers","BOM","64","1.0","5.0","St. Louis","0.0","0.0","0.0","0.0","1.0"
"0024600039","21946","1610612744","PHW","Philadelphia Warriors","1946-11-21","PHW vs. CHS","L","0","23.0","","","","","","17.0","","","","","","","","","","12.0","63","-2","0","1610610025","CHS","Chicago Stags","CHS @ PHW","W","0","27.0","","","","","","11.0","","","","","","","","","","23.0","65","2","0","1946-11-21T00:00:00","","3","","19461121/CHSPHW","1610612744","1610610025","1946","4.0","","","Q4  - ","1.0","","","","","","","","","","","","","","","","","","","","","","","","THURSDAY, NOVEMBER 21, 1946","","","Philadelphia","Warriors","-","","","","","","","","","","","","","","","63.0","Chicago","Stags","-","","","","","","","","","","","","","","","","","","","","","","","","","","","1.0","5.0","Chicago","0.0","0.0","0.0","0.0","1.0"
"0024600040","21946","1610610032","PRO","Providence Steamrollers","1946-11-21","PRO vs. WAS","L","0","22.0","","","","","","14.0","20.0","0.7","","","","","","","","19.0","58","-8","0","1610610036","WAS","Washington Capitols","WAS @ PRO","W","0","25.0","","","","","","16.0","24.0","0.667","","","","","","","","19.0","66","8","0","1946-11-21T00:00:00","","3","","19461121/WASPRO","1610610032","1610610036","1946","4.0","","","Q4  - ","1.0","","","","","","","","","","","","","","","","","","","","","","","","THURSDAY, NOVEMBER 21, 1946","","","Providence","Steamrollers","-","17","16","17","8","","","","","","","","","","","58.0","Washington","Capitols","-","19","10","14","23","","","","","","","","","","","","","","","","","","","","","","","0.0","6.0","Washington","0.0","0.0","0.0","0.0","1.0"
"0024600042","21946","1610610035","HUS","Toronto Huskies","1946-11-22","HUS vs. BOS","W","0","26.0","","","","","","31.0","","","","","","","","","","","83","1","0","1610612738","BOS","Boston Celtics","BOS @ HUS","L","0","29.0","","","","","","24.0","","","","","","","","","","","82","-1","0","1946-11-22T00:00:00","","3","","19461122/BOSHUS","1610610035","1610612738","1946","5.0","","","Q5  - ","1.0","","","","","","","","","","","","","","","","","","","","","","","","FRIDAY, NOVEMBER 22, 1946","","","Toronto","Huskies","-","17","25","15","14","12","","","","","","","","","","83.0","Boston","Celtics","-","16","15","20","20","11","","","","","","","","","","0024600030","1946-11-16T00:00:00","1610610035","Toronto","Huskies","HUS","49","1610612738","Boston","Celtics","BOS","53","2.0","4.0","Boston","0.0","0.0","0.0","0.0","1.0"
"0024600045","21946","1610610036","WAS","Washington Capitols","1946-11-23","WAS vs. HUS","W","0","27.0","","","","","","20.0","","","","","","","","","","","74","24","0","1610610035","HUS","Toronto Huskies","HUS @ WAS","L","0","19.0","","","","","","12.0","","","","","","","","","","","50","-24","0","1946-11-23T00:00:00","","3","","19461123/HUSWAS","1610610036","1610610035","1946","4.0","","","Q4  - ","1.0","","","","","","","","","","","","","","","","","","","","","","","","SATURDAY, NOVEMBER 23, 1946","","","Washington","Capitols","-","","","","","","","","","","","","","","","74.0","Toronto","Huskies","-","","","","","","","","","","","","","","","","","","","","","","","","","","","5.0","1.0","Washington","0.0","0.0","0.0","0.0","1.0"
"0024600046","21946","1610610028","DEF","Detroit Falcons","1946-11-23","DEF vs. BOS","W","0","22.0","","","","","","10.0","","","","","","","","","","","54","8","0","1610612738","BOS","Boston Celtics","BOS @ DEF","L","0","18.0","","","","","","10.0","","","","","","","","","","","46","-8","0","1946-11-23T00:00:00","","3","","19461123/BOSDEF","1610610028","1610612738","1946","4.0","","","Q4  - ","1.0","","","","","","","","","","","","","","","","","","","","","","","","SATURDAY, NOVEMBER 23, 1946","","","Detroit","Falcons","-","","","","","","","","","","","","","","","54.0","Boston","Celtics","-","","","","","","","","","","","","","","","0024600017","1946-11-09T00:00:00","1610610028","Detroit","Falcons","DEF","69","1610612738","Boston","Celtics","BOS","46","3.0","3.0","Tied","0.0","0.0","0.0","0.0","1.0"
"0024600044","21946","1610610032","PRO","Providence Steamrollers","1946-11-23","PRO vs. BOM","L","0","22.0","","","","","","15.0","","","","","","","","","","15.0","59","-6","0","1610610034","BOM","St. Louis Bombers","BOM @ PRO","W","0","27.0","","","","","","11.0","","","","","","","","","","19.0","65","6","0","1946-11-23T00:00:00","","3","","19461123/BOMPRO","1610610032","1610610034","1946","5.0","","","Q5  - ","1.0","","","","","","","","","","","","","","","","","","","","","","","","SATURDAY, NOVEMBER 23, 1946","","","Providence","Steamrollers","-","","","","","15","","","","","","","","","","59.0","St. Louis","Bombers","-","","","","","11","","","","","","","","","","","","","","","","","","","","","","2.0","4.0","St. Louis","0.0","0.0","0.0","0.0","1.0"
"0024600043","21946","1610612752","NYK","New York Knicks","1946-11-23","NYK vs. CLR","W","0","34.0","","","","","","14.0","29.0","0.483","","","","","","","","","82","6","0","1610610026","CLR","Cleveland Rebels","CLR @ NYK","L","0","32.0","","","","","","12.0","22.0","0.545","","","","","","","","","76","-6","0","1946-11-23T00:00:00","","3","","19461123/CLRNYK","1610612752","1610610026","1946","5.0","","","Q5  - ","1.0","","","","","","","","","","","","","","","","","","","","","","","","SATURDAY, NOVEMBER 23, 1946","","","New York","Knicks","-","","","","","10","","","","","","","","","","82.0","Cleveland","Rebels","-","","","","","4","","","","","","","","","","","","","","","","","","","","","","2.0","4.0","Cleveland","0.0","0.0","0.0","0.0","1.0"
"0024600048","21946","1610610025","CHS","Chicago Stags","1946-11-24","CHS vs. DEF","L","0","18.0","","","","","","19.0","","","","","","","","","","23.0","55","-13","0","1610610028","DEF","Detroit Falcons","DEF @ CHS","W","0","27.0","","","","","","14.0","","","","","","","","","","26.0","68","13","0","1946-11-24T00:00:00","","3","","19461124/DEFCHS","1610610025","1610610028","1946","4.0","","","Q4  - ","1.0","","","","","","","","","","","","","","","","","","","","","","","","SUNDAY, NOVEMBER 24, 1946","","","Chicago","Stags","-","17","11","10","17","","","","","","","","","","","55.0","Detroit","Falcons","-","23","11","12","22","","","","","","","","","","","","","","","","","","","","","","","3.0","3.0","Tied","0.0","0.0","0.0","0.0","1.0"
"0024600047","21946","1610610026","CLR","Cleveland Rebels","1946-11-24","CLR vs. PIT","W","0","27.0","","","","","","8.0","20.0","0.4","","","","","","","","18.0","62","2","0","1610610031","PIT","Pittsburgh Ironmen","PIT @ CLR","L","0","24.0","","","","","","12.0","20.0","0.6","","","","","","","","16.0","60","-2","0","1946-11-24T00:00:00","","3","","19461124/PITCLR","1610610026","1610610031","1946","4.0","","","Q4  - ","1.0","","","","","","","","","","","","","","","","","","","","","","","","SUNDAY, NOVEMBER 24, 1946","","","Cleveland","Rebels","-","9","28","16","9","","","","","","","","","","","62.0","Pittsburgh","Ironmen","-","12","18","15","15","","","","","","","","","","","","","","","","","","","","","","","4.0","2.0","Cleveland","0.0","0.0","0.0","0.0","1.0"
"0024600049","21946","1610612738","BOS","Boston Celtics","1946-11-25","BOS vs. PRO","L","0","24.0","","","","","","11.0","","","","","","","","","","","59","-12","0","1610610032","PRO","Providence Steamrollers","PRO @ BOS","W","0","31.0","","","","","","9.0","","","","","","","","","","","71","12","0","1946-11-25T00:00:00","","3","","19461125/PROBOS","1610612738","1610610032","1946","4.0","","","Q4  - ","1.0","","","","","","","","","","","","","","","","","","","","","","","","MONDAY, NOVEMBER 25, 1946","","","Boston","Celtics","-","","","","","","","","","","","","","","","59.0","Providence","Steamrollers","-","","","","","","","","","","","","","","","0024600002","1946-11-02T00:00:00","1610612738","Boston","Celtics","BOS","53","1610610032","Providence","Steamrollers","PRO","59","1.0","5.0","Providence","0.0","0.0","0.0","0.0","1.0"
"0024600050","21946","1610610031","PIT","Pittsburgh Ironmen","1946-11-25","PIT vs. NYK","L","0","16.0","","","","","","14.0","","","","","","","","","","","46","-16","0","1610612752","NYK","New York Knicks","NYK @ PIT","W","0","20.0","","","","","","22.0","","","","","","","","","","","62","16","0","1946-11-25T00:00:00","","3","","19461125/NYKPIT","1610610031","1610612752","1946","4.0","","","Q4  - ","1.0","","","","","","","","","","","","","","","","","","","","","","","","MONDAY, NOVEMBER 25, 1946","","","Pittsburgh","Ironmen","-","12","9","8","17","","","","","","","","","","","46.0","New York","Knicks","-","18","12","9","23","","","","","","","","","","","0024600028","1946-11-16T00:00:00","1610610031","Pittsburgh","Ironmen","PIT","62","1610612752","New York","Knicks","NYK","64","0.0","6.0","New York","0.0","0.0","0.0","0.0","1.0"
"0024600052","21946","1610612744","PHW","Philadelphia Warriors","1946-11-26","PHW vs. BOS","W","0","26.0","","","","","","14.0","","","","","","","","","","","66","12","0","1610612738","BOS","Boston Celtics","BOS @ PHW","L","0","20.0","","","","","","14.0","","","","","","","","","","","54","-12","0","1946-11-26T00:00:00","","3","","19461126/BOSPHW","1610612744","1610612738","1946","4.0","","","Q4  - ","1.0","","","","","","","","","","","","","","","","","","","","","","","","TUESDAY, NOVEMBER 26, 1946","","","Philadelphia","Warriors","-","","","","","","","","","","","","","","","66.0","Boston","Celtics","-","","","","","","","","","","","","","","","","","","","","","","","","","","","5.0","1.0","Philadelphia","0.0","0.0","0.0","0.0","1.0"
"0024600051","21946","1610610035","HUS","Toronto Huskies","1946-11-26","HUS vs. WAS","L","0","24.0","","","","","","20.0","","","","","","","","","","","68","-10","0","1610610036","WAS","Washington Capitols","WAS @ HUS","W","0","28.0","","","","","","22.0","","","","","","","","","","","78","10","0","1946-11-26T00:00:00","","3","","19461126/WASHUS","1610610035","1610610036","1946","4.0","","","Q4  - ","1.0","","","","","","","","","","","","","","","","","","","","","","","","TUESDAY, NOVEMBER 26, 1946","","","Toronto","Huskies","-","13","16","16","23","","","","","","","","","","","68.0","Washington","Capitols","-","22","12","28","16","","","","","","","","","","","0024600045","1946-11-23T00:00:00","1610610035","Toronto","Huskies","HUS","50","1610610036","Washington","Capitols","WAS","74","1.0","5.0","Washington","0.0","0.0","0.0","0.0","1.0"
"0024600053","21946","1610610028","DEF","Detroit Falcons","1946-11-26","DEF vs. CLR","W","0","27.0","","","","","","12.0","","","","","","","","","","","66","20","0","1610610026","CLR","Cleveland Rebels","CLR @ DEF","L","0","20.0","","","","","","6.0","","","","","","","","","","","46","-20","0","1946-11-26T00:00:00","","3","","19461126/CLRDEF","1610610028","1610610026","1946","4.0","","","Q4  - ","1.0","","","","","","","","","","","","","","","","","","","","","","","","TUESDAY, NOVEMBER 26, 1946","","","Detroit","Falcons","-","","","","","","","","","","","","","","","66.0","Cleveland","Rebels","-","","","","","","","","","","","","","","","","","","","","","","","","","","","2.0","4.0","Cleveland","0.0","0.0","0.0","0.0","1.0"
"0024600056","21946","1610612752","NYK","New York Knicks","1946-11-27","NYK vs. BOM","W","0","23.0","","","","","","21.0","","","","","","","","","","21.0","67","7","0","1610610034","BOM","St. Louis Bombers","BOM @ NYK","L","0","23.0","","","","","","14.0","","","","","","","","","","27.0","60","-7","0","1946-11-27T00:00:00","","3","","19461127/BOMNYK","1610612752","1610610034","1946","4.0","","","Q4  - ","1.0","","","","","","","","","","","","","","","","","","","","","","","","WEDNESDAY, NOVEMBER 27, 1946","","","New York","Knicks","-","","","","","","","","","","","","","","","67.0","St. Louis","Bombers","-","","","","","","","","","","","","","","","0024600012","1946-11-07T00:00:00","1610612752","New York","Knicks","NYK","68","1610610034","St. Louis","Bombers","BOM","63","4.0","2.0","New York","0.0","0.0","0.0","0.0","1.0"
"0024600054","21946","1610610036","WAS","Washington Capitols","1946-11-27","WAS vs. CHS","W","0","29.0","","","","","","17.0","","","","","","","","","","14.0","75","8","0","1610610025","CHS","Chicago Stags","CHS @ WAS","L","0","27.0","","","","","","13.0","","","","","","","","","","19.0","67","-8","0","1946-11-27T00:00:00","","3","","19461127/CHSWAS","1610610036","1610610025","1946","4.0","","","Q4  - ","1.0","","","","","","","","","","","","","","","","","","","","","","","","WEDNESDAY, NOVEMBER 27, 1946","","","Washington","Capitols","-","","","","","","","","","","","","","","","75.0","Chicago","Stags","-","","","","","","","","","","","","","","","0024600027","1946-11-16T00:00:00","1610610036","Washington","Capitols","WAS","73","1610610025","Chicago","Stags","CHS","65","5.0","1.0","Washington","0.0","0.0","0.0","0.0","1.0"
"0024600055","21946","1610610031","PIT","Pittsburgh Ironmen","1946-11-27","PIT vs. CLR","W","0","20.0","","","","","","22.0","","","","","","","","","","22.0","62","2","0","1610610026","CLR","Cleveland Rebels","CLR @ PIT","L","0","19.0","","","","","","22.0","","","","","","","","","","26.0","60","-2","0","1946-11-27T00:00:00","","3","","19461127/CLRPIT","1610610031","1610610026","1946","4.0","","","Q4  - ","1.0","","","","","","","","","","","","","","","","","","","","","","","","WEDNESDAY, NOVEMBER 27, 1946","","","Pittsburgh","Ironmen","-","","","","","","","","","","","","","","","62.0","Cleveland","Rebels","-","","","","","","","","","","","","","","","0024600047","1946-11-24T00:00:00","1610610031","Pittsburgh","Ironmen","PIT","60","1610610026","Cleveland","Rebels","CLR","62","2.0","4.0","Cleveland","0.0","0.0","0.0","0.0","1.0"
"0024600059","21946","1610612738","BOS","Boston Celtics","1946-11-28","BOS vs. PIT","W","0","22.0","","","","","","15.0","","","","","","","","","","","59","4","0","1610610031","PIT","Pittsburgh Ironmen","PIT @ BOS","L","0","19.0","","","","","","17.0","","","","","","","","","","","55","-4","0","1946-11-28T00:00:00","","3","","19461128/PITBOS","1610612738","1610610031","1946","4.0","","","Q4  - ","1.0","","","","","","","","","","","","","","","","","","","","","","","","THURSDAY, NOVEMBER 28, 1946","","","Boston","Celtics","-","","","","","","","","","","","","","","","59.0","Pittsburgh","Ironmen","-","","","","","","","","","","","","","","","","","","","","","","","","","","","5.0","1.0","Boston","0.0","0.0","0.0","0.0","1.0"
"0024600060","21946","1610612744","PHW","Philadelphia Warriors","1946-11-28","PHW vs. DEF","L","0","21.0","","","","","","13.0","","","","","","","","","","19.0","55","-13","0","1610610028","DEF","Detroit Falcons","DEF @ PHW","W","0","25.0","","","","","","18.0","","","","","","","","","","18.0","68","13","0","1946-11-28T00:00:00","","3","","19461128/DEFPHW","1610612744","1610610028","1946","4.0","","","Q4  - ","1.0","","","","","","","","","","","","","","","","","","","","","","","","THURSDAY, NOVEMBER 28, 1946","","","Philadelphia","Warriors","-","","","","","","","","","","","","","","","55.0","Detroit","Falcons","-","","","","","","","","","","","","","","","","","","","","","","","","","","","4.0","2.0","Philadelphia","0.0","0.0","0.0","0.0","1.0"
"0024600057","21946","1610610025","CHS","Chicago Stags","1946-11-28","CHS vs. BOM","L","0","26.0","","","","","","20.0","22.0","0.909","","","","","","","","21.0","72","-3","0","1610610034","BOM","St. Louis Bombers","BOM @ CHS","W","0","28.0","","","","","","19.0","22.0","0.864","","","","","","","","21.0","75","3","0","1946-11-28T00:00:00","","3","","19461128/BOMCHS","1610610025","1610610034","1946","4.0","","","Q4  - ","1.0","","","","","","","","","","","","","","","","","","","","","","","","THURSDAY, NOVEMBER 28, 1946","","","Chicago","Stags","-","13","23","12","24","","","","","","","","","","","72.0","St. Louis","Bombers","-","22","23","13","17","","","","","","","","","","","","","","","","","","","","","","","3.0","4.0","St. Louis","0.0","0.0","0.0","0.0","1.0"
"0024600058","21946","1610610032","PRO","Providence Steamrollers","1946-11-28","PRO vs. NYK","L","0","21.0","","","","","","16.0","","","","","","","","","","","58","-2","0","1610612752","NYK","New York Knicks","NYK @ PRO","W","0","25.0","","","","","","10.0","","","","","","","","","","","60","2","0","1946-11-28T00:00:00","","3","","19461128/NYKPRO","1610610032","1610612752","1946","5.0","","","Q5  - ","1.0","","","","","","","","","","","","","","","","","","","","","","","","THURSDAY, NOVEMBER 28, 1946","","","Providence","Steamrollers","-","","","","","12","","","","","","","","","","58.0","New York","Knicks","-","","","","","13","","","","","","","","","","","","","","","","","","","","","","2.0","4.0","New York","0.0","0.0","0.0","0.0","1.0"
"0024600061","21946","1610610035","HUS","Toronto Huskies","1946-11-29","HUS vs. CLR","L","0","27.0","","","","","","18.0","25.0","0.72","","","","","","","","23.0","72","-15","0","1610610026","CLR","Cleveland Rebels","CLR @ HUS","W","0","33.0","","","","","","21.0","28.0","0.75","","","","","","","","23.0","87","15","0","1946-11-29T00:00:00","","3","","19461129/CLRHUS","1610610035","1610610026","1946","4.0","","","Q4  - ","1.0","","","","","","","","","","","","","","","","","","","","","","","","FRIDAY, NOVEMBER 29, 1946","","","Toronto","Huskies","-","23","18","10","21","","","","","","","","","","","72.0","Cleveland","Rebels","-","15","33","23","16","","","","","","","","","","","0024600034","1946-11-19T00:00:00","1610610035","Toronto","Huskies","HUS","72","1610610026","Cleveland","Rebels","CLR","74","0.0","6.0","Cleveland","0.0","0.0","0.0","0.0","1.0"
"0024600063","21946","1610612752","NYK","New York Knicks","1946-11-30","NYK vs. PHW","W","0","26.0","","","","","","12.0","","","","","","","","","","","64","4","0","1610612744","PHW","Philadelphia Warriors","PHW @ NYK","L","0","22.0","","","","","","16.0","","","","","","","","","","","60","-4","0","1946-11-30T00:00:00","","3","","19461130/PHWNYK","1610612752","1610612744","1946","4.0","","","Q4  - ","1.0","","","","","","","","","","","","","","","","","","","","","","","","SATURDAY, NOVEMBER 30, 1946","","","New York","Knicks","-","","","","","","","","","","","","","","","64.0","Philadelphia","Warriors","-","","","","","","","","","","","","","","","","","","","","","","","","","","","2.0","4.0","Philadelphia","0.0","0.0","0.0","0.0","1.0"
"0024600062","21946","1610610032","PRO","Providence Steamrollers","1946-11-30","PRO vs. HUS","W","0","35.0","","","","","","9.0","","","","","","","","","","","79","14","0","1610610035","HUS","Toronto Huskies","HUS @ PRO","L","0","29.0","","","","","","7.0","","","","","","","","","","","65","-14","0","1946-11-30T00:00:00","","3","","19461130/HUSPRO","1610610032","1610610035","1946","4.0","","","Q4  - ","1.0","","","","","","","","","","","","","","","","","","","","","","","","SATURDAY, NOVEMBER 30, 1946","","","Providence","Steamrollers","-","30","12","22","15","","","","","","","","","","","79.0","Toronto","Huskies","-","12","15","18","20","","","","","","","","","","","0024600025","1946-11-15T00:00:00","1610610032","Providence","Steamrollers","PRO","68","1610610035","Toronto","Huskies","HUS","85","3.0","3.0","Tied","0.0","0.0","0.0","0.0","1.0"
"0024600065","21946","1610610036","WAS","Washington Capitols","1946-11-30","WAS vs. PIT","W","0","16.0","","","","","","17.0","","","","","","","","","","","49","9","0","1610610031","PIT","Pittsburgh Ironmen","PIT @ WAS","L","0","13.0","","","","","","14.0","","","","","","","","","","","40","-9","0","1946-11-30T00:00:00","","3","","19461130/PITWAS","1610610036","1610610031","1946","4.0","","","Q4  - ","1.0","","","","","","","","","","","","","","","","","","","","","","","","SATURDAY, NOVEMBER 30, 1946","","","Washington","Capitols","-","","","","","","","","","","","","","","","49.0","Pittsburgh","Ironmen","-","","","","","","","","","","","","","","","0024600007","1946-11-04T00:00:00","1610610036","Washington","Capitols","WAS","71","1610610031","Pittsburgh","Ironmen","PIT","56","5.0","1.0","Washington","0.0","0.0","0.0","0.0","1.0"
"0024600064","21946","1610610034","BOM","St. Louis Bombers","1946-11-30","BOM vs. DEF","W","0","23.0","95.0","0.242","","","","14.0","","","","","","","","","","20.0","60","3","0","1610610028","DEF","Detroit Falcons","DEF @ BOM","L","0","21.0","83.0","0.253","","","","15.0","","","","","","","","","","20.0","57","-3","0","1946-11-30T00:00:00","","3","","19461130/DEFBOM","1610610034","1610610028","1946","5.0","","","Q5  - ","1.0","","","","","","","","","","","","","","","","","","","","","","","","SATURDAY, NOVEMBER 30, 1946","","","St. Louis","Bombers","-","10","7","19","18","6","","","","","","","","","","60.0","Detroit","Falcons","-","13","16","12","13","3","","","","","","","","","","0024600009","1946-11-05T00:00:00","1610610034","St. Louis","Bombers","BOM","53","1610610028","Detroit","Falcons","DEF","49","6.0","0.0","St. Louis","0.0","0.0","0.0","0.0","1.0"
"0024600066","21946","1610610025","CHS","Chicago Stags","1946-12-01","CHS vs. BOS","W","0","25.0","","","","","","16.0","","","","","","","","","","17.0","66","10","0","1610612738","BOS","Boston Celtics","BOS @ CHS","L","0","21.0","","","","","","14.0","","","","","","","","","","21.0","56","-10","0","1946-12-01T00:00:00","","3","","19461201/BOSCHS","1610610025","1610612738","1946","4.0","","","Q4  - ","1.0","","","","","","","","","","","","","","","","","","","","","","","","SUNDAY, DECEMBER 1, 1946","","","Chicago","Stags","-","12","21","14","19","","","","","","","","","","","66.0","Boston","Celtics","-","12","20","15","9","","","","","","","","","","","0024600022","1946-11-13T00:00:00","1610610025","Chicago","Stags","CHS","71","1610612738","Boston","Celtics","BOS","61","6.0","0.0","Chicago","0.0","0.0","0.0","0.0","1.0"
"0024600067","21946","1610610026","CLR","Cleveland Rebels","1946-12-01","CLR vs. DEF","W","0","16.0","","","","","","17.0","22.0","0.773","","","","","","","","15.0","49","2","0","1610610028","DEF","Detroit Falcons","DEF @ CLR","L","0","19.0","","","","","","9.0","18.0","0.5","","","","","","","","20.0","47","-2","0","1946-12-01T00:00:00","","3","","19461201/DEFCLR","1610610026","1610610028","1946","4.0","","","Q4  - ","1.0","","","","","","","","","","","","","","","","","","","","","","","","SUNDAY, DECEMBER 1, 1946","","","Cleveland","Rebels","-","","","","","","","","","","","","","","","49.0","Detroit","Falcons","-","","","","","","","","","","","","","","","0024600053","1946-11-26T00:00:00","1610610026","Cleveland","Rebels","CLR","46","1610610028","Detroit","Falcons","DEF","66","4.0","2.0","Cleveland","0.0","0.0","0.0","0.0","1.0"
"0024600068","21946","1610610031","PIT","Pittsburgh Ironmen","1946-12-02","PIT vs. BOS","L","0","17.0","","","","","","10.0","17.0","0.588","","","","","","","","","44","-2","0","1610612738","BOS","Boston Celtics","BOS @ PIT","W","0","17.0","","","","","","12.0","21.0","0.571","","","","","","","","","46","2","0","1946-12-02T00:00:00","","3","","19461202/BOSPIT","1610610031","1610612738","1946","4.0","","","Q4  - ","1.0","","","","","","","","","","","","","","","","","","","","","","","","MONDAY, DECEMBER 2, 1946","","","Pittsburgh","Ironmen","-","","","","","","","","","","","","","","","44.0","Boston","Celtics","-","","","","","","","","","","","","","","","0024600059","1946-11-28T00:00:00","1610610031","Pittsburgh","Ironmen","PIT","55","1610612738","Boston","Celtics","BOS","59","1.0","5.0","Boston","0.0","0.0","0.0","0.0","1.0"
"0024600069","21946","1610612744","PHW","Philadelphia Warriors","1946-12-03","PHW vs. PRO","W","0","33.0","","","","","","10.0","","","","","","","","","","10.0","76","8","0","1610610032","PRO","Providence Steamrollers","PRO @ PHW","L","0","29.0","","","","","","10.0","","","","","","","","","","12.0","68","-8","0","1946-12-03T00:00:00","","3","","19461203/PROPHW","1610612744","1610610032","1946","4.0","","","Q4  - ","1.0","","","","","","","","","","","","","","","","","","","","","","","","TUESDAY, DECEMBER 3, 1946","","","Philadelphia","Warriors","-","","","","","","","","","","","","","","","76.0","Providence","Steamrollers","-","","","","","","","","","","","","","","","","","","","","","","","","","","","4.0","2.0","Philadelphia","0.0","0.0","0.0","0.0","1.0"
"0024600071","21946","1610612752","NYK","New York Knicks","1946-12-04","NYK vs. DEF","W","0","28.0","","","","","","14.0","","","","","","","","","","17.0","70","13","0","1610610028","DEF","Detroit Falcons","DEF @ NYK","L","0","23.0","","","","","","11.0","","","","","","","","","","18.0","57","-13","0","1946-12-04T00:00:00","","3","","19461204/DEFNYK","1610612752","1610610028","1946","4.0","","","Q4  - ","1.0","","","","","","","","","","","","","","","","","","","","","","","","WEDNESDAY, DECEMBER 4, 1946","","","New York","Knicks","-","","","","","","","","","","","","","","","70.0","Detroit","Falcons","-","","","","","","","","","","","","","","","0024600032","1946-11-18T00:00:00","1610612752","New York","Knicks","NYK","61","1610610028","Detroit","Falcons","DEF","57","5.0","1.0","New York","0.0","0.0","0.0","0.0","1.0"
"0024600070","21946","1610610036","WAS","Washington Capitols","1946-12-04","WAS vs. PRO","W","0","34.0","","","","","","12.0","","","","","","","","","","16.0","80","18","0","1610610032","PRO","Providence Steamrollers","PRO @ WAS","L","0","26.0","","","","","","10.0","","","","","","","","","","17.0","62","-18","0","1946-12-04T00:00:00","","3","","19461204/PROWAS","1610610036","1610610032","1946","4.0","","","Q4  - ","1.0","","","","","","","","","","","","","","","","","","","","","","","","WEDNESDAY, DECEMBER 4, 1946","","","Washington","Capitols","-","","","","","","","","","","","","","","","80.0","Providence","Steamrollers","-","","","","","","","","","","","","","","","0024600040","1946-11-21T00:00:00","1610610036","Washington","Capitols","WAS","66","1610610032","Providence","Steamrollers","PRO","58","6.0","0.0","Washington","0.0","0.0","0.0","0.0","1.0"
"0024600072","21946","1610610031","PIT","Pittsburgh Ironmen","1946-12-04","PIT vs. CHS","L","0","16.0","","","","","","14.0","24.0","0.583","","","","","","","","20.0","46","-11","0","1610610025","CHS","Chicago Stags","CHS @ PIT","W","0","26.0","","","","","","15.0","22.0","0.682","","","","","","","","22.0","57","11","0","1946-12-04T00:00:00","","3","","19461204/CHSPIT","1610610031","1610610025","1946","4.0","","","Q4  - ","1.0","","","","","","","","","","","","","","","","","","","","","","","","WEDNESDAY, DECEMBER 4, 1946","","","Pittsburgh","Ironmen","-","","","","","","","","","","","","","","","46.0","Chicago","Stags","-","","","","","","","","","","","","","","","","","","","","","","","","","","","0.0","6.0","Chicago","0.0","0.0","0.0","0.0","1.0"
"0024600074","21946","1610612738","BOS","Boston Celtics","1946-12-05","BOS vs. DEF","L","0","24.0","","","","","","13.0","","","","","","","","","","","61","-4","0","1610610028","DEF","Detroit Falcons","DEF @ BOS","W","0","25.0","","","","","","15.0","","","","","","","","","","","65","4","0","1946-12-05T00:00:00","","3","","19461205/DEFBOS","1610612738","1610610028","1946","4.0","","","Q4  - ","1.0","","","","","","","","","","","","","","","","","","","","","","","","THURSDAY, DECEMBER 5, 1946","","","Boston","Celtics","-","","","","","","","","","","","","","","","61.0","Detroit","Falcons","-","","","","","","","","","","","","","","","0024600046","1946-11-23T00:00:00","1610612738","Boston","Celtics","BOS","46","1610610028","Detroit","Falcons","DEF","54","3.0","3.0","Tied","0.0","0.0","0.0","0.0","1.0"
"0024600076","21946","1610612744","PHW","Philadelphia Warriors","1946-12-05","PHW vs. NYK","W","0","22.0","","","","","","18.0","","","","","","","","","","","62","11","0","1610612752","NYK","New York Knicks","NYK @ PHW","L","0","21.0","","","","","","9.0","","","","","","","","","","","51","-11","0","1946-12-05T00:00:00","","3","","19461205/NYKPHW","1610612744","1610612752","1946","4.0","","","Q4  - ","1.0","","","","","","","","","","","","","","","","","","","","","","","","THURSDAY, DECEMBER 5, 1946","","","Philadelphia","Warriors","-","","","","","","","","","","","","","","","62.0","New York","Knicks","-","","","","","","","","","","","","","","","0024600063","1946-11-30T00:00:00","1610612744","Philadelphia","Warriors","PHW","60","1610612752","New York","Knicks","NYK","64","4.0","2.0","Philadelphia","0.0","0.0","0.0","0.0","1.0"
"0024600075","21946","1610610034","BOM","St. Louis Bombers","1946-12-05","BOM vs. PIT","W","0","24.0","89.0","0.27","","","","18.0","","","","","","","","","","21.0","66","11","0","1610610031","PIT","Pittsburgh Ironmen","PIT @ BOM","L","0","19.0","76.0","0.25","","","","17.0","","","","","","","","","","29.0","55","-11","0","1946-12-05T00:00:00","","3","","19461205/PITBOM","1610610034","1610610031","1946","4.0","","","Q4  - ","1.0","","","","","","","","","","","","","","","","","","","","","","","","THURSDAY, DECEMBER 5, 1946","","","St. Louis","Bombers","-","5","19","17","25","","","","","","","","","","","66.0","Pittsburgh","Ironmen","-","15","15","11","14","","","","","","","","","","","0024600003","1946-11-02T00:00:00","1610610034","St. Louis","Bombers","BOM","56","1610610031","Pittsburgh","Ironmen","PIT","51","5.0","1.0","St. Louis","0.0","0.0","0.0","0.0","1.0"
"0024600073","21946","1610610025","CHS","Chicago Stags","1946-12-05","CHS vs. HUS","L","0","23.0","","","","","","15.0","22.0","0.682","","","","","","","","28.0","61","-4","0","1610610035","HUS","Toronto Huskies","HUS @ CHS","W","0","26.0","","","","","","13.0","28.0","0.464","","","","","","","","16.0","65","4","0","1946-12-05T00:00:00","","3","","19461205/HUSCHS","1610610025","1610610035","1946","4.0","","","Q4  - ","1.0","","","","","","","","","","","","","","","","","","","","","","","","THURSDAY, DECEMBER 5, 1946","","","Chicago","Stags","-","7","22","15","17","","","","","","","","","","","61.0","Toronto","Huskies","-","15","12","15","23","","","","","","","","","","","0024600016","1946-11-09T00:00:00","1610610025","Chicago","Stags","CHS","64","1610610035","Toronto","Huskies","HUS","54","4.0","2.0","Chicago","0.0","0.0","0.0","0.0","1.0"
"0024600078","21946","1610612738","BOS","Boston Celtics","1946-12-07","BOS vs. NYK","L","0","25.0","","","","","","15.0","","","","","","","","","","","65","-25","0","1610612752","NYK","New York Knicks","NYK @ BOS","W","0","38.0","","","","","","14.0","","","","","","","","","","","90","25","0","1946-12-07T00:00:00","","3","","19461207/NYKBOS","1610612738","1610612752","1946","4.0","","","Q4  - ","1.0","","","","","","","","","","","","","","","","","","","","","","","","SATURDAY, DECEMBER 7, 1946","","","Boston","Celtics","-","","","","","","","","","","","","","","","65.0","New York","Knicks","-","","","","","","","","","","","","","","","","","","","","","","","","","","","4.0","2.0","Boston","0.0","0.0","0.0","0.0","1.0"
"0024600080","21946","1610610032","PRO","Providence Steamrollers","1946-12-07","PRO vs. HUS","L","0","20.0","","","","","","19.0","35.0","0.543","","","","","","","","21.0","59","-9","0","1610610035","HUS","Toronto Huskies","HUS @ PRO","W","0","25.0","","","","","","18.0","23.0","0.783","","","","","","","","29.0","68","9","0","1946-12-07T00:00:00","","3","","19461207/HUSPRO","1610610032","1610610035","1946","4.0","","","Q4  - ","1.0","","","","","","","","","","","","","","","","","","","","","","","","SATURDAY, DECEMBER 7, 1946","","","Providence","Steamrollers","-","20","10","10","19","","","","","","","","","","","59.0","Toronto","Huskies","-","17","22","13","16","","","","","","","","","","","0024600062","1946-11-30T00:00:00","1610610032","Providence","Steamrollers","PRO","79","1610610035","Toronto","Huskies","HUS","65","3.0","3.0","Tied","0.0","0.0","0.0","0.0","1.0"
"0024600079","21946","1610610036","WAS","Washington Capitols","1946-12-07","WAS vs. DEF","W","0","32.0","","","","","","11.0","","","","","","","","","","17.0","75","11","0","1610610028","DEF","Detroit Falcons","DEF @ WAS","L","0","24.0","","","","","","16.0","","","","","","","","","","18.0","64","-11","0","1946-12-07T00:00:00","","3","","19461207/DEFWAS","1610610036","1610610028","1946","4.0","","","Q4  - ","1.0","","","","","","","","","","","","","","","","","","","","","","","","SATURDAY, DECEMBER 7, 1946","","","Washington","Capitols","-","21","11","24","19","","","","","","","","","","","75.0","Detroit","Falcons","-","13","13","22","16","","","","","","","","","","","0024600005","1946-11-02T00:00:00","1610610036","Washington","Capitols","WAS","50","1610610028","Detroit","Falcons","DEF","33","5.0","1.0","Washington","0.0","0.0","0.0","0.0","1.0"
"0024600077","21946","1610610025","CHS","Chicago Stags","1946-12-07","CHS vs. CLR","W","0","38.0","","","","","","18.0","28.0","0.643","","","","","","","","24.0","86","8","0","1610610026","CLR","Cleveland Rebels","CLR @ CHS","L","0","28.0","","","","","","22.0","30.0","0.733","","","","","","","","23.0","78","-8","0","1946-12-07T00:00:00","","3","","19461207/CLRCHS","1610610025","1610610026","1946","4.0","","","Q4  - ","1.0","","","","","","","","","","","","","","","","","","","","","","","","SATURDAY, DECEMBER 7, 1946","","","Chicago","Stags","-","23","21","18","24","","","","","","","","","","","86.0","Cleveland","Rebels","-","21","19","22","16","","","","","","","","","","","0024600031","1946-11-17T00:00:00","1610610025","Chicago","Stags","CHS","78","1610610026","Cleveland","Rebels","CLR","76","5.0","1.0","Chicago","0.0","0.0","0.0","0.0","1.0"
"0024600081","21946","1610610034","BOM","St. Louis Bombers","1946-12-07","BOM vs. PHW","L","0","18.0","104.0","0.173","","","","11.0","","","","","","","","","","21.0","47","-10","0","1610612744","PHW","Philadelphia Warriors","PHW @ BOM","W","0","21.0","74.0","0.284","","","","15.0","","","","","","","","","","15.0","57","10","0","1946-12-07T00:00:00","","3","","19461207/PHWBOM","1610610034","1610612744","1946","4.0","","","Q4  - ","1.0","","","","","","","","","","","","","","","","","","","","","","","","SATURDAY, DECEMBER 7, 1946","","","St. Louis","Bombers","-","6","11","13","17","","","","","","","","","","","47.0","Philadelphia","Warriors","-","11","19","15","12","","","","","","","","","","","0024600035","1946-11-19T00:00:00","1610610034","St. Louis","Bombers","BOM","66","1610612744","Philadelphia","Warriors","PHW","63","3.0","3.0","Tied","0.0","0.0","0.0","0.0","1.0"
"0024600083","21946","1610612752","NYK","New York Knicks","1946-12-08","NYK vs. BOS","W","0","25.0","","","","","","12.0","","","","","","","","","","15.0","62","18","0","1610612738","BOS","Boston Celtics","BOS @ NYK","L","0","18.0","","","","","","8.0","","","","","","","","","","14.0","44","-18","0","1946-12-08T00:00:00","","3","","19461208/BOSNYK","1610612752","1610612738","1946","4.0","","","Q4  - ","1.0","","","","","","","","","","","","","","","","","","","","","","","","SUNDAY, DECEMBER 8, 1946","","","New York","Knicks","-","","","","","","","","","","","","","","","62.0","Boston","Celtics","-","","","","","","","","","","","","","","","0024600078","1946-12-07T00:00:00","1610612752","New York","Knicks","NYK","90","1610612738","Boston","Celtics","BOS","65","2.0","4.0","Boston","0.0","0.0","0.0","0.0","1.0"
"0024600082","21946","1610610026","CLR","Cleveland Rebels","1946-12-08","CLR vs. PHW","W","0","28.0","","","","","","16.0","","","","","","","","","","","72","6","0","1610612744","PHW","Philadelphia Warriors","PHW @ CLR","L","0","25.0","","","","","","16.0","","","","","","","","","","","66","-6","0","1946-12-08T00:00:00","","3","","19461208/PHWCLR","1610610026","1610612744","1946","4.0","","","Q4  - ","1.0","","","","","","","","","","","","","","","","","","","","","","","","SUNDAY, DECEMBER 8, 1946","","","Cleveland","Rebels","-","","","","","","","","","","","","","","","72.0","Philadelphia","Warriors","-","","","","","","","","","","","","","","","","","","","","","","","","","","","3.0","3.0","Tied","0.0","0.0","0.0","0.0","1.0"
"0024600084","21946","1610610031","PIT","Pittsburgh Ironmen","1946-12-09","PIT vs. DEF","L","0","25.0","","","","","","8.0","","","","","","","","","","","58","-8","0","1610610028","DEF","Detroit Falcons","DEF @ PIT","W","0","22.0","","","","","","22.0","","","","","","","","","","","66","8","0","1946-12-09T00:00:00","","3","","19461209/DEFPIT","1610610031","1610610028","1946","4.0","","","Q4  - ","1.0","","","","","","","","","","","","","","","","","","","","","","","","MONDAY, DECEMBER 9, 1946","","","Pittsburgh","Ironmen","-","","","","","","","","","","","","","","","58.0","Detroit","Falcons","-","","","","","","","","","","","","","","","0024600037","1946-11-20T00:00:00","1610610031","Pittsburgh","Ironmen","PIT","54","1610610028","Detroit","Falcons","DEF","53","3.0","3.0","Tied","0.0","0.0","0.0","0.0","1.0"
"0024600085","21946","1610610035","HUS","Toronto Huskies","1946-12-10","HUS vs. PHW","L","0","30.0","","","","","","13.0","","","","","","","","","","20.0","73","-12","0","1610612744","PHW","Philadelphia Warriors","PHW @ HUS","W","0","34.0","","","","","","17.0","","","","","","","","","","16.0","85","12","0","1946-12-10T00:00:00","","3","","19461210/PHWHUS","1610610035","1610612744","1946","4.0","","","Q4  - ","1.0","","","","","","","","","","","","","","","","","","","","","","","","TUESDAY, DECEMBER 10, 1946","","","Toronto","Huskies","-","21","10","24","18","","","","","","","","","","","73.0","Philadelphia","Warriors","-","23","20","15","27","","","","","","","","","","","","","","","","","","","","","","","1.0","5.0","Philadelphia","0.0","0.0","0.0","0.0","1.0"
"0024600086","21946","1610610026","CLR","Cleveland Rebels","1946-12-10","CLR vs. BOM","L","0","22.0","","","","","","17.0","23.0","0.739","","","","","","","","17.0","61","-1","0","1610610034","BOM","St. Louis Bombers","BOM @ CLR","W","0","26.0","","","","","","10.0","16.0","0.625","","","","","","","","25.0","62","1","0","1946-12-10T00:00:00","","3","","19461210/BOMCLR","1610610026","1610610034","1946","5.0","","","Q5  - ","1.0","","","","","","","","","","","","","","","","","","","","","","","","TUESDAY, DECEMBER 10, 1946","","","Cleveland","Rebels","-","8","18","19","13","3","","","","","","","","","","61.0","St. Louis","Bombers","-","7","18","16","17","4","","","","","","","","","","0024600026","1946-11-16T00:00:00","1610610026","Cleveland","Rebels","CLR","74","1610610034","St. Louis","Bombers","BOM","83","1.0","5.0","St. Louis","0.0","0.0","0.0","0.0","1.0"
"0024600088","21946","1610612752","NYK","New York Knicks","1946-12-11","NYK vs. PRO","W","0","31.0","","","","","","21.0","","","","","","","","","","","83","15","0","1610610032","PRO","Providence Steamrollers","PRO @ NYK","L","0","24.0","","","","","","20.0","","","","","","","","","","","68","-15","0","1946-12-11T00:00:00","","3","","19461211/PRONYK","1610612752","1610610032","1946","4.0","","","Q4  - ","1.0","","","","","","","","","","","","","","","","","","","","","","","","WEDNESDAY, DECEMBER 11, 1946","","","New York","Knicks","-","","","","","","","","","","","","","","","83.0","Providence","Steamrollers","-","","","","","","","","","","","","","","","0024600058","1946-11-28T00:00:00","1610612752","New York","Knicks","NYK","60","1610610032","Providence","Steamrollers","PRO","58","4.0","2.0","New York","0.0","0.0","0.0","0.0","1.0"
"0024600087","21946","1610610025","CHS","Chicago Stags","1946-12-11","CHS vs. CLR","W","0","36.0","","","","","","16.0","23.0","0.696","","","","","","","","29.0","88","9","0","1610610026","CLR","Cleveland Rebels","CLR @ CHS","L","0","29.0","","","","","","21.0","35.0","0.6","","","","","","","","22.0","79","-9","0","1946-12-11T00:00:00","","3","","19461211/CLRCHS","1610610025","1610610026","1946","4.0","","","Q4  - ","1.0","","","","","","","","","","","","","","","","","","","","","","","","WEDNESDAY, DECEMBER 11, 1946","","","Chicago","Stags","-","18","23","28","19","","","","","","","","","","","88.0","Cleveland","Rebels","-","16","20","24","19","","","","","","","","","","","0024600077","1946-12-07T00:00:00","1610610025","Chicago","Stags","CHS","86","1610610026","Cleveland","Rebels","CLR","78","5.0","1.0","Chicago","0.0","0.0","0.0","0.0","1.0"
"0024600089","21946","1610610036","WAS","Washington Capitols","1946-12-11","WAS vs. DEF","W","0","29.0","","","","","","23.0","","","","","","","","","","17.0","81","15","0","1610610028","DEF","Detroit Falcons","DEF @ WAS","L","0","27.0","","","","","","12.0","","","","","","","","","","20.0","66","-15","0","1946-12-11T00:00:00","","3","","19461211/DEFWAS","1610610036","1610610028","1946","4.0","","","Q4  - ","1.0","","","","","","","","","","","","","","","","","","","","","","","","WEDNESDAY, DECEMBER 11, 1946","","","Washington","Capitols","-","22","16","26","17","","","","","","","","","","","81.0","Detroit","Falcons","-","12","16","20","18","","","","","","","","","","","0024600079","1946-12-07T00:00:00","1610610036","Washington","Capitols","WAS","75","1610610028","Detroit","Falcons","DEF","64","5.0","1.0","Washington","0.0","0.0","0.0","0.0","1.0"
"0024600091","21946","1610612738","BOS","Boston Celtics","1946-12-12","BOS vs. DEF","W","0","29.0","","","","","","15.0","","","","","","","","","","","73","7","0","1610610028","DEF","Detroit Falcons","DEF @ BOS","L","0","24.0","","","","","","18.0","","","","","","","","","","","66","-7","0","1946-12-12T00:00:00","","3","","19461212/DEFBOS","1610612738","1610610028","1946","4.0","","","Q4  - ","1.0","","","","","","","","","","","","","","","","","","","","","","","","THURSDAY, DECEMBER 12, 1946","","","Boston","Celtics","-","","","","","","","","","","","","","","","73.0","Detroit","Falcons","-","","","","","","","","","","","","","","","0024600074","1946-12-05T00:00:00","1610612738","Boston","Celtics","BOS","61","1610610028","Detroit","Falcons","DEF","65","3.0","3.0","Tied","0.0","0.0","0.0","0.0","1.0"
"0024600092","21946","1610612744","PHW","Philadelphia Warriors","1946-12-12","PHW vs. WAS","L","0","19.0","","","","","","11.0","18.0","0.611","","","","","","","","9.0","49","-15","0","1610610036","WAS","Washington Capitols","WAS @ PHW","W","0","28.0","","","","","","8.0","13.0","0.615","","","","","","","","13.0","64","15","0","1946-12-12T00:00:00","","3","","19461212/WASPHW","1610612744","1610610036","1946","4.0","","","Q4  - ","1.0","","","","","","","","","","","","","","","","","","","","","","","","THURSDAY, DECEMBER 12, 1946","","","Philadelphia","Warriors","-","7","13","13","16","","","","","","","","","","","49.0","Washington","Capitols","-","14","18","7","25","","","","","","","","","","","0024600023","1946-11-14T00:00:00","1610612744","Philadelphia","Warriors","PHW","68","1610610036","Washington","Capitols","WAS","65","1.0","5.0","Washington","0.0","0.0","0.0","0.0","1.0"
"0024600090","21946","1610610034","BOM","St. Louis Bombers","1946-12-12","BOM vs. CHS","L","0","25.0","","","","","","18.0","","","","","","","","","","19.0","68","-20","0","1610610025","CHS","Chicago Stags","CHS @ BOM","W","0","37.0","","","","","","14.0","","","","","","","","","","25.0","88","20","0","1946-12-12T00:00:00","","3","","19461212/CHSBOM","1610610034","1610610025","1946","4.0","","","Q4  - ","1.0","","","","","","","","","","","","","","","","","","","","","","","","THURSDAY, DECEMBER 12, 1946","","","St. Louis","Bombers","-","","","","","","","","","","","","","","","68.0","Chicago","Stags","-","","","","","","","","","","","","","","","0024600057","1946-11-28T00:00:00","1610610034","St. Louis","Bombers","BOM","75","1610610025","Chicago","Stags","CHS","72","4.0","3.0","St. Louis","0.0","0.0","0.0","0.0","1.0"
"0024600093","21946","1610610035","HUS","Toronto Huskies","1946-12-13","HUS vs. PIT","L","0","22.0","","","","","","8.0","15.0","0.533","","","","","","","","15.0","52","-10","0","1610610031","PIT","Pittsburgh Ironmen","PIT @ HUS","W","0","26.0","","","","","","10.0","17.0","0.588","","","","","","","","14.0","62","10","0","1946-12-13T00:00:00","","3","","19461213/PITHUS","1610610035","1610610031","1946","4.0","","","Q4  - ","1.0","","","","","","","","","","","","","","","","","","","","","","","","FRIDAY, DECEMBER 13, 1946","","","Toronto","Huskies","-","20","11","11","10","","","","","","","","","","","52.0","Pittsburgh","Ironmen","-","11","10","21","20","","","","","","","","","","","0024600033","1946-11-18T00:00:00","1610610035","Toronto","Huskies","HUS","48","1610610031","Pittsburgh","Ironmen","PIT","54","3.0","3.0","Tied","0.0","0.0","0.0","0.0","1.0"
"0024600095","21946","1610612738","BOS","Boston Celtics","1946-12-14","BOS vs. PHW","W","0","33.0","","","","","","11.0","","","","","","","","","","","77","12","0","1610612744","PHW","Philadelphia Warriors","PHW @ BOS","L","0","24.0","","","","","","17.0","","","","","","","","","","","65","-12","0","1946-12-14T00:00:00","","3","","19461214/PHWBOS","1610612738","1610612744","1946","4.0","","","Q4  - ","1.0","","","","","","","","","","","","","","","","","","","","","","","","SATURDAY, DECEMBER 14, 1946","","","Boston","Celtics","-","","","","","","","","","","","","","","","77.0","Philadelphia","Warriors","-","","","","","","","","","","","","","","","0024600052","1946-11-26T00:00:00","1610612738","Boston","Celtics","BOS","54","1610612744","Philadelphia","Warriors","PHW","66","1.0","5.0","Philadelphia","0.0","0.0","0.0","0.0","1.0"
"0024600096","21946","1610610036","WAS","Washington Capitols","1946-12-14","WAS vs. CLR","W","0","26.0","","","","","","20.0","21.0","0.952","","","","","","","","21.0","72","20","0","1610610026","CLR","Cleveland Rebels","CLR @ WAS","L","0","17.0","","","","","","18.0","24.0","0.75","","","","","","","","21.0","52","-20","0","1946-12-14T00:00:00","","3","","19461214/CLRWAS","1610610036","1610610026","1946","4.0","","","Q4  - ","1.0","","","","","","","","","","","","","","","","","","","","","","","","SATURDAY, DECEMBER 14, 1946","","","Washington","Capitols","-","21","18","14","19","","","","","","","","","","","72.0","Cleveland","Rebels","-","10","17","13","12","","","","","","","","","","","0024600018","1946-11-10T00:00:00","1610610036","Washington","Capitols","WAS","68","1610610026","Cleveland","Rebels","CLR","92","5.0","1.0","Washington","0.0","0.0","0.0","0.0","1.0"
"0024600094","21946","1610610032","PRO","Providence Steamrollers","1946-12-14","PRO vs. DEF","W","0","33.0","","","","","","15.0","","","","","","","","","","","81","15","0","1610610028","DEF","Detroit Falcons","DEF @ PRO","L","0","24.0","","","","","","18.0","","","","","","","","","","","66","-15","0","1946-12-14T00:00:00","","3","","19461214/DEFPRO","1610610032","1610610028","1946","4.0","","","Q4  - ","1.0","","","","","","","","","","","","","","","","","","","","","","","","SATURDAY, DECEMBER 14, 1946","","","Providence","Steamrollers","-","","","","","","","","","","","","","","","81.0","Detroit","Falcons","-","","","","","","","","","","","","","","","0024600029","1946-11-16T00:00:00","1610610032","Providence","Steamrollers","PRO","59","1610610028","Detroit","Falcons","DEF","70","4.0","2.0","Providence","0.0","0.0","0.0","0.0","1.0"
"0024600097","21946","1610610025","CHS","Chicago Stags","1946-12-15","CHS vs. PIT","W","0","29.0","","","","","","26.0","","","","","","","","","","31.0","84","9","0","1610610031","PIT","Pittsburgh Ironmen","PIT @ CHS","L","0","26.0","","","","","","23.0","","","","","","","","","","34.0","75","-9","0","1946-12-15T00:00:00","","3","","19461215/PITCHS","1610610025","1610610031","1946","4.0","","","Q4  - ","1.0","","","","","","","","","","","","","","","","","","","","","","","","SUNDAY, DECEMBER 15, 1946","","","Chicago","Stags","-","21","19","21","23","","","","","","","","","","","84.0","Pittsburgh","Ironmen","-","12","20","23","20","","","","","","","","","","","0024600072","1946-12-04T00:00:00","1610610025","Chicago","Stags","CHS","57","1610610031","Pittsburgh","Ironmen","PIT","46","6.0","0.0","Chicago","0.0","0.0","0.0","0.0","1.0"
"0024600099","21946","1610610034","BOM","St. Louis Bombers","1946-12-15","BOM vs. HUS","L","0","15.0","87.0","0.172","","","","16.0","","","","","","","","","","16.0","46","-4","0","1610610035","HUS","Toronto Huskies","HUS @ BOM","W","0","19.0","83.0","0.229","","","","12.0","","","","","","","","","","22.0","50","4","0","1946-12-15T00:00:00","","3","","19461215/HUSBOM","1610610034","1610610035","1946","4.0","","","Q4  - ","1.0","","","","","","","","","","","","","","","","","","","","","","","","SUNDAY, DECEMBER 15, 1946","","","St. Louis","Bombers","-","11","10","16","9","","","","","","","","","","","46.0","Toronto","Huskies","-","16","9","12","13","","","","","","","","","","","","","","","","","","","","","","","2.0","4.0","Toronto","0.0","0.0","0.0","0.0","1.0"
"0024600098","21946","1610610026","CLR","Cleveland Rebels","1946-12-15","CLR vs. NYK","W","0","27.0","","","","","","16.0","","","","","","","","","","","70","18","0","1610612752","NYK","New York Knicks","NYK @ CLR","L","0","19.0","","","","","","14.0","","","","","","","","","","","52","-18","0","1946-12-15T00:00:00","","3","","19461215/NYKCLR","1610610026","1610612752","1946","4.0","","","Q4  - ","1.0","","","","","","","","","","","","","","","","","","","","","","","","SUNDAY, DECEMBER 15, 1946","","","Cleveland","Rebels","-","","","","","","","","","","","","","","","70.0","New York","Knicks","-","","","","","","","","","","","","","","","0024600043","1946-11-23T00:00:00","1610610026","Cleveland","Rebels","CLR","76","1610612752","New York","Knicks","NYK","82","4.0","2.0","Cleveland","0.0","0.0","0.0","0.0","1.0"
"0024600100","21946","1610610031","PIT","Pittsburgh Ironmen","1946-12-16","PIT vs. BOM","L","0","20.0","","","","","","15.0","","","","","","","","","","22.0","55","-11","0","1610610034","BOM","St. Louis Bombers","BOM @ PIT","W","0","26.0","","","","","","14.0","","","","","","","","","","21.0","66","11","0","1946-12-16T00:00:00","","3","","19461216/BOMPIT","1610610031","1610610034","1946","4.0","","","Q4  - ","1.0","","","","","","","","","","","","","","","","","","","","","","","","MONDAY, DECEMBER 16, 1946","","","Pittsburgh","Ironmen","-","","","","","","","","","","","","","","","55.0","St. Louis","Bombers","-","","","","","","","","","","","","","","","0024600075","1946-12-05T00:00:00","1610610031","Pittsburgh","Ironmen","PIT","55","1610610034","St. Louis","Bombers","BOM","66","1.0","5.0","St. Louis","0.0","0.0","0.0","0.0","1.0"
